TOP,
prayer,100
prayers,23
pray,22
oracion,18
rosary,4
healing prayer,4
how to pray,4
serenity prayer,3
lords prayer,3
prayer for healing,3
morning prayer,3
oraciones,3
serenity,3
what is prayer,2
our father,2
pray the rosary,2
catholic prayers,2
daily prayer,2
healing prayers,2
our father prayer,2
jesus prayer,2
prayer quotes,1
prayers for healing,1
night prayer,1
time prayer,1
,
RISING,
covid prayer,Breakout
franklin graham prayer march,Breakout
coronavirus prayer,Breakout
praying rabbit,"+2,950%"
prayer march 2020,"+2,650%"
lds sacrament prayers,"+2,200%"
prayer against coronavirus,"+1,150%"
national day of prayer 2020,+900%
spiritual communion prayer,+900%
spiritual communion prayer catholic,+750%
thanksgiving prayer 2020,+650%
oratio imperata prayer,+600%
lds sacrament prayer,+500%
salmo 91 oraci√≥n,+400%
sacrament prayer,+200%
morning prayer time,+200%
pray for those in authority,+190%
back to school prayer 2020,+160%
communion prayer,+140%
oracion para los enfermos,+130%
rosary prayer in english,+130%
mass prayers,+120%
divine mercy chaplet,+110%
orar sin cesar,+90%
let this be our prayer,+90%

